[
  {
    "model": "authentication.UserProfile",
    "pk": 10,
    "fields": {
      "first_name": "Primer nombre",
      "last_name": "Segundo",
      "is_superuser": false,
      "password": "pbkdf2_sha256$100000$bWWEMGuheUqL$+6Hql3znkScHMz5w5DsurMrD+31e+P/PnYcflkNSA14=",
      "username": "UsuarioTest1",
      "email": "algo@algo.com",
      "is_staff": false,
      "is_active": true,
      "sex": "M",
      "date_joined": "2019-11-11T22:00:00Z",
      "last_login": "2019-11-11T22:00:00Z",
      "groups": [],
      "user_permissions": []
    }
  },
  {
    "model": "authentication.UserProfile",
    "pk": 11,
    "fields": {
      "first_name": "Primer nombre",
      "last_name": "Segundo",
      "is_superuser": false,
      "password": "pbkdf2_sha256$100000$bWWEMGuheUqL$+6Hql3znkScHMz5w5DsurMrD+31e+P/PnYcflkNSA14=",
      "username": "UsuarioTest2",
      "email": "algo@algo.com",
      "is_staff": false,
      "is_active": true,
      "sex": "F",
      "date_joined": "2019-11-11T22:00:00Z",
      "last_login": "2019-11-11T22:00:00Z",
      "groups": [],
      "user_permissions": []
    }
  },
  {
    "model": "authentication.UserProfile",
    "pk": 12,
    "fields": {
      "first_name": "Primer nombre",
      "last_name": "Segundo",
      "is_superuser": false,
      "password": "pbkdf2_sha256$100000$bWWEMGuheUqL$+6Hql3znkScHMz5w5DsurMrD+31e+P/PnYcflkNSA14=",
      "username": "UsuarioTest3",
      "email": "algo@algo.com",
      "is_staff": false,
      "is_active": true,
      "sex": "F",
      "date_joined": "2019-11-11T22:00:00Z",
      "last_login": "2019-11-11T22:00:00Z",
      "groups": [],
      "user_permissions": []
    }
  },
  {
    "model": "authentication.UserProfile",
    "pk": 13,
    "fields": {
      "first_name": "Primer nombre",
      "last_name": "Segundo",
      "is_superuser": false,
      "password": "pbkdf2_sha256$100000$bWWEMGuheUqL$+6Hql3znkScHMz5w5DsurMrD+31e+P/PnYcflkNSA14=",
      "username": "UsuarioTest4",
      "email": "algo@algo.com",
      "is_staff": false,
      "is_active": true,
      "sex": "M",
      "date_joined": "2019-11-11T22:00:00Z",
      "last_login": "2019-11-11T22:00:00Z",
      "groups": [],
      "user_permissions": []
    }
  },
  {
    "model": "authentication.UserProfile",
    "pk": 14,
    "fields": {
      "first_name": "Primer nombre",
      "last_name": "Segundo",
      "is_superuser": false,
      "password": "pbkdf2_sha256$100000$bWWEMGuheUqL$+6Hql3znkScHMz5w5DsurMrD+31e+P/PnYcflkNSA14=",
      "username": "UsuarioTest5",
      "email": "algo@algo.com",
      "is_staff": false,
      "is_active": true,
      "sex": "F",
      "date_joined": "2019-11-11T22:00:00Z",
      "last_login": "2019-11-11T22:00:00Z",
      "groups": [],
      "user_permissions": []
    }
  },
  {
    "model": "authentication.UserProfile",
    "pk": 15,
    "fields": {
      "first_name": "Primer nombre",
      "last_name": "Segundo",
      "is_superuser": false,
      "password": "pbkdf2_sha256$100000$bWWEMGuheUqL$+6Hql3znkScHMz5w5DsurMrD+31e+P/PnYcflkNSA14=",
      "username": "UsuarioTest6",
      "email": "algo@algo.com",
      "is_staff": false,
      "is_active": true,
      "sex": "F",
      "date_joined": "2019-11-11T22:00:00Z",
      "last_login": "2019-11-11T22:00:00Z",
      "groups": [],
      "user_permissions": []
    }
  },
  {
    "model": "authentication.UserProfile",
    "pk": 16,
    "fields": {
      "first_name": "Primer nombre",
      "last_name": "Segundo",
      "is_superuser": false,
      "password": "pbkdf2_sha256$100000$bWWEMGuheUqL$+6Hql3znkScHMz5w5DsurMrD+31e+P/PnYcflkNSA14=",
      "username": "UsuarioTest7",
      "email": "algo@algo.com",
      "is_staff": false,
      "is_active": true,
      "sex": "F",
      "date_joined": "2019-11-11T22:00:00Z",
      "last_login": "2019-11-11T22:00:00Z",
      "groups": [],
      "user_permissions": []
    }
  },
  {
    "model": "authentication.UserProfile",
    "pk": 17,
    "fields": {
      "first_name": "Primer nombre",
      "last_name": "Segundo",
      "is_superuser": false,
      "password": "pbkdf2_sha256$100000$bWWEMGuheUqL$+6Hql3znkScHMz5w5DsurMrD+31e+P/PnYcflkNSA14=",
      "username": "UsuarioTest8",
      "email": "algo@algo.com",
      "is_staff": false,
      "is_active": true,
      "sex": "F",
      "date_joined": "2019-11-11T22:00:00Z",
      "last_login": "2019-11-11T22:00:00Z",
      "groups": [],
      "user_permissions": []
    }
  },
  {
    "model": "authentication.UserProfile",
    "pk": 18,
    "fields": {
      "first_name": "Primer nombre",
      "last_name": "Segundo",
      "is_superuser": false,
      "password": "pbkdf2_sha256$100000$bWWEMGuheUqL$+6Hql3znkScHMz5w5DsurMrD+31e+P/PnYcflkNSA14=",
      "username": "UsuarioTest9",
      "email": "algo@algo.com",
      "is_staff": false,
      "is_active": true,
      "sex": "M",
      "date_joined": "2019-11-11T22:00:00Z",
      "last_login": "2019-11-11T22:00:00Z",
      "groups": [],
      "user_permissions": []
    }
  },
  {
    "model": "authentication.UserProfile",
    "pk": 19,
    "fields": {
      "first_name": "Primer nombre",
      "last_name": "Segundo",
      "is_superuser": false,
      "password": "pbkdf2_sha256$100000$bWWEMGuheUqL$+6Hql3znkScHMz5w5DsurMrD+31e+P/PnYcflkNSA14=",
      "username": "UsuarioTest10",
      "email": "algo@algo.com",
      "is_staff": false,
      "is_active": true,
      "sex": "M",
      "date_joined": "2019-11-11T22:00:00Z",
      "last_login": "2019-11-11T22:00:00Z",
      "groups": [],
      "user_permissions": []
    }
  },
  {
    "model": "authentication.UserProfile",
    "pk": 20,
    "fields": {
      "first_name": "Primer nombre",
      "last_name": "Segundo",
      "is_superuser": false,
      "password": "pbkdf2_sha256$100000$bWWEMGuheUqL$+6Hql3znkScHMz5w5DsurMrD+31e+P/PnYcflkNSA14=",
      "username": "UsuarioTest11",
      "email": "algo@algo.com",
      "is_staff": false,
      "is_active": true,
      "sex": "F",
      "date_joined": "2019-11-11T22:00:00Z",
      "last_login": "2019-11-11T22:00:00Z",
      "groups": [],
      "user_permissions": []
    }
  },
  {
    "model": "voting.question",
    "pk": 10,
    "fields": {
      "option_types": 1,
      "desc": "1234567890"
    }
  },
  {
    "model": "voting.questionOption",
    "pk": 10,
    "fields": {
      "number": 1,
      "option": "Opcion 1",
      "question": 10
    }
  },
  {
    "model": "voting.questionOption",
    "pk": 11,
    "fields": {
      "number": 2,
      "option": "Opcion 2",
      "question": 10
    }
  },
  {
    "model": "voting.questionOption",
    "pk": 12,
    "fields": {
      "number": 3,
      "option": "Opcion 3",
      "question": 10
    }
  },
  {
    "model": "voting.question",
    "pk": 11,
    "fields": {
      "option_types": 1,
      "desc": "1234567891"
    }
  },
  {
    "model": "voting.questionOption",
    "pk": 13,
    "fields": {
      "number": 1,
      "option": "Opcion 1",
      "question": 11
    }
  },
  {
    "model": "voting.questionOption",
    "pk": 14,
    "fields": {
      "number": 2,
      "option": "Opcion 2",
      "question": 11
    }
  },
  {
    "model": "voting.questionOption",
    "pk": 15,
    "fields": {
      "number": 3,
      "option": "Opcion 3",
      "question": 11
    }
  },
  {
    "model": "voting.question",
    "pk": 12,
    "fields": {
      "option_types": 1,
      "desc": "1234567892"
    }
  },
  {
    "model": "voting.questionOption",
    "pk": 16,
    "fields": {
      "number": 1,
      "option": "Opcion 1",
      "question": 12
    }
  },
  {
    "model": "voting.questionOption",
    "pk": 17,
    "fields": {
      "number": 2,
      "option": "Opcion 2",
      "question": 12
    }
  },
  {
    "model": "voting.questionOption",
    "pk": 18,
    "fields": {
      "number": 3,
      "option": "Opcion 3",
      "question": 12
    }
  },
  {
    "model": "base.auth",
    "pk": 10,
    "fields": {
      "name": "Autenticacion populate",
      "url": "http://localhost:8000",
      "me": false
    }
  },
  {
    "model": "base.key",
    "pk": 10,
    "fields": {
      "p": 2539,
      "g": 2,
      "y": 403,
      "x": 51
    }
  },
  {
    "model": "base.key",
    "pk": 11,
    "fields": {
      "p": 2539,
      "g": 2,
      "y": 403,
      "x": 51
    }
  },
  {
    "model": "base.key",
    "pk": 12,
    "fields": {
      "p": 2539,
      "g": 2,
      "y": 403,
      "x": 51
    }
  },
  {
    "model": "voting.voting",
    "pk": 20,
    "fields": {
      "name": "Votacion populate 1 F",
      "desc": "desc de prueba",
      "question": [10],
      "start_date": "2020-11-11T22:00:00Z",
      "end_date": "2020-11-15T22:00:00Z",
      "started_by": "decide",
      "pub_key": 10,
      "tally": [1, 3, 2, 3, 2, 2, 1, 3, 1, 2, 3],
      "postproc": [
        [
          {"votes": 4,
            "number": 2,
            "option": "Opcion 2",
            "postproc": 4
          },
          {"votes": 4,
           "number": 3,
           "option": "Opcion 3",
           "postproc": 4
          },
          {"votes": 3,
           "number": 1,
           "option": "Opcion 1",
           "postproc": 3
          }]
      ],
      "auths": [10]
    }
  },
  {
    "model": "voting.voting",
    "pk": 21,
    "fields": {
      "name": "Votacion populate 2 Emp",
      "desc": "desc de prueba",
      "question": [11],
      "start_date": "2020-11-11T22:00:00Z",
      "started_by": "decide",
      "pub_key": 11,
      "auths": [10]
    }
  },
  {
    "model": "voting.voting",
    "pk": 22,
    "fields": {
      "name": "Votacion populate 3 SEmp",
      "desc": "desc de prueba",
      "question": [12],
      "pub_key": 12,
      "auths": [10]
    }
  },
  {
    "model": "census.census",
    "pk": 10,
    "fields": {
      "voting_id": 20,
      "voter_id": 10,
      "adscripcion": "Descripcion populate censo"
    }
  },
  {
    "model": "census.census",
    "pk": 11,
    "fields": {
      "voting_id": 20,
      "voter_id": 11,
      "adscripcion": "Descripcion populate censo"
    }
  },
  {
    "model": "census.census",
    "pk": 12,
    "fields": {
      "voting_id": 20,
      "voter_id": 12,
      "adscripcion": "Descripcion populate censo"
    }
  },
  {
    "model": "census.census",
    "pk": 13,
    "fields": {
      "voting_id": 20,
      "voter_id": 13,
      "adscripcion": "Descripcion populate censo"
    }
  },
  {
    "model": "census.census",
    "pk": 14,
    "fields": {
      "voting_id": 20,
      "voter_id": 14,
      "adscripcion": "Descripcion populate censo"
    }
  },
  {
    "model": "census.census",
    "pk": 15,
    "fields": {
      "voting_id": 20,
      "voter_id": 15,
      "adscripcion": "Descripcion populate censo"
    }
  },
  {
    "model": "census.census",
    "pk": 16,
    "fields": {
      "voting_id": 20,
      "voter_id": 16,
      "adscripcion": "Descripcion populate censo"
    }
  },
  {
    "model": "census.census",
    "pk": 17,
    "fields": {
      "voting_id": 20,
      "voter_id": 17,
      "adscripcion": "Descripcion populate censo"
    }
  },
  {
    "model": "census.census",
    "pk": 18,
    "fields": {
      "voting_id": 20,
      "voter_id": 18,
      "adscripcion": "Descripcion populate censo"
    }
  },
  {
    "model": "census.census",
    "pk": 19,
    "fields": {
      "voting_id": 20,
      "voter_id": 19,
      "adscripcion": "Descripcion populate censo"
    }
  },
  {
    "model": "census.census",
    "pk": 20,
    "fields": {
      "voting_id": 20,
      "voter_id": 20,
      "adscripcion": "Descripcion populate censo"
    }
  },
  {
    "model": "census.census",
    "pk": 21,
    "fields": {
      "voting_id": 21,
      "voter_id": 10,
      "adscripcion": "Descripcion populate censo"
    }
  },
  {
    "model": "census.census",
    "pk": 22,
    "fields": {
      "voting_id": 21,
      "voter_id": 11,
      "adscripcion": "Descripcion populate censo"
    }
  },
  {
    "model": "census.census",
    "pk": 23,
    "fields": {
      "voting_id": 21,
      "voter_id": 12,
      "adscripcion": "Descripcion populate censo"
    }
  },
  {
    "model": "census.census",
    "pk": 24,
    "fields": {
      "voting_id": 21,
      "voter_id": 13,
      "adscripcion": "Descripcion populate censo"
    }
  },
  {
    "model": "census.census",
    "pk": 25,
    "fields": {
      "voting_id": 21,
      "voter_id": 14,
      "adscripcion": "Descripcion populate censo"
    }
  },
  {
    "model": "census.census",
    "pk": 26,
    "fields": {
      "voting_id": 21,
      "voter_id": 15,
      "adscripcion": "Descripcion populate censo"
    }
  },
  {
    "model": "census.census",
    "pk": 27,
    "fields": {
      "voting_id": 21,
      "voter_id": 16,
      "adscripcion": "Descripcion populate censo"
    }
  },
  {
    "model": "census.census",
    "pk": 28,
    "fields": {
      "voting_id": 21,
      "voter_id": 17,
      "adscripcion": "Descripcion populate censo"
    }
  },
  {
    "model": "census.census",
    "pk": 29,
    "fields": {
      "voting_id": 21,
      "voter_id": 18,
      "adscripcion": "Descripcion populate censo"
    }
  },
  {
    "model": "census.census",
    "pk": 30,
    "fields": {
      "voting_id": 21,
      "voter_id": 19,
      "adscripcion": "Descripcion populate censo"
    }
  },
  {
    "model": "census.census",
    "pk": 31,
    "fields": {
      "voting_id": 21,
      "voter_id": 20,
      "adscripcion": "Descripcion populate censo"
    }
  },
  {
    "model": "census.census",
    "pk": 32,
    "fields": {
      "voting_id": 22,
      "voter_id": 10,
      "adscripcion": "Descripcion populate censo"
    }
  },
  {
    "model": "census.census",
    "pk": 33,
    "fields": {
      "voting_id": 22,
      "voter_id": 11,
      "adscripcion": "Descripcion populate censo"
    }
  },
  {
    "model": "census.census",
    "pk": 34,
    "fields": {
      "voting_id": 22,
      "voter_id": 12,
      "adscripcion": "Descripcion populate censo"
    }
  },
  {
    "model": "census.census",
    "pk": 35,
    "fields": {
      "voting_id": 22,
      "voter_id": 13,
      "adscripcion": "Descripcion populate censo"
    }
  },
  {
    "model": "census.census",
    "pk": 36,
    "fields": {
      "voting_id": 22,
      "voter_id": 14,
      "adscripcion": "Descripcion populate censo"
    }
  },
  {
    "model": "census.census",
    "pk": 37,
    "fields": {
      "voting_id": 22,
      "voter_id": 15,
      "adscripcion": "Descripcion populate censo"
    }
  },
  {
    "model": "census.census",
    "pk": 38,
    "fields": {
      "voting_id": 22,
      "voter_id": 16,
      "adscripcion": "Descripcion populate censo"
    }
  },
  {
    "model": "census.census",
    "pk": 39,
    "fields": {
      "voting_id": 22,
      "voter_id": 17,
      "adscripcion": "Descripcion populate censo"
    }
  },
  {
    "model": "census.census",
    "pk": 40,
    "fields": {
      "voting_id": 22,
      "voter_id": 18,
      "adscripcion": "Descripcion populate censo"
    }
  },
  {
    "model": "census.census",
    "pk": 41,
    "fields": {
      "voting_id": 22,
      "voter_id": 19,
      "adscripcion": "Descripcion populate censo"
    }
  },
  {
    "model": "census.census",
    "pk": 42,
    "fields": {
      "voting_id": 22,
      "voter_id": 20,
      "adscripcion": "Descripcion populate censo"
    }
  },
  {
    "model": "store.vote",
    "pk": 10,
    "fields": {
      "voting_id": 20,
      "voter_id": 10,
      "question_id": 10,
      "a": 1,
      "b": 2,
      "voted": "2020-11-12T22:00:00Z"
    }
  },
  {
    "model": "store.vote",
    "pk": 11,
    "fields": {
      "voting_id": 20,
      "voter_id": 11,
      "question_id": 10,
      "a": 1,
      "b": 2,
      "voted": "2020-11-12T22:00:00Z"
    }
  },
  {
    "model": "store.vote",
    "pk": 12,
    "fields": {
      "voting_id": 20,
      "voter_id": 12,
      "question_id": 10,
      "a": 1,
      "b": 2,
      "voted": "2020-11-12T22:00:00Z"
    }
  },
  {
    "model": "store.vote",
    "pk": 13,
    "fields": {
      "voting_id": 20,
      "voter_id": 13,
      "question_id": 10,
      "a": 1,
      "b": 3,
      "voted": "2020-11-12T22:00:00Z"
    }
  },
  {
    "model": "store.vote",
    "pk": 14,
    "fields": {
      "voting_id": 20,
      "voter_id": 14,
      "question_id": 10,
      "a": 1,
      "b": 1,
      "voted": "2020-11-12T22:00:00Z"
    }
  },
  {
    "model": "store.vote",
    "pk": 15,
    "fields": {
      "voting_id": 20,
      "voter_id": 15,
      "question_id": 10,
      "a": 1,
      "b": 1,
      "voted": "2020-11-12T22:00:00Z"
    }
  },
  {
    "model": "store.vote",
    "pk": 16,
    "fields": {
      "voting_id": 20,
      "voter_id": 16,
      "question_id": 10,
      "a": 1,
      "b": 3,
      "voted": "2020-11-12T22:00:00Z"
    }
  },
  {
    "model": "store.vote",
    "pk": 17,
    "fields": {
      "voting_id": 20,
      "voter_id": 17,
      "question_id": 10,
      "a": 1,
      "b": 1,
      "voted": "2020-11-12T22:00:00Z"
    }
  },
  {
    "model": "store.vote",
    "pk": 18,
    "fields": {
      "voting_id": 20,
      "voter_id": 18,
      "question_id": 10,
      "a": 1,
      "b": 3,
      "voted": "2020-11-12T22:00:00Z"
    }
  },
  {
    "model": "store.vote",
    "pk": 19,
    "fields": {
      "voting_id": 20,
      "voter_id": 19,
      "question_id": 10,
      "a": 1,
      "b": 3,
      "voted": "2020-11-12T22:00:00Z"
    }
  },
  {
    "model": "store.vote",
    "pk": 20,
    "fields": {
      "voting_id": 20,
      "voter_id": 20,
      "question_id": 10,
      "a": 1,
      "b": 2,
      "voted": "2020-11-12T22:00:00Z"
    }
  },
  {
    "model": "mixnet.mixnet",
    "pk": 10,
    "fields": {
      "voting_id": 20,
      "auth_position": 0,
      "auths": [10],
      "key": 10,
      "pubkey": 11
    }
  }
]