[
  {
    "model": "authentication.UserProfile",
    "pk": 10,
    "fields": {
      "first_name": "Primer nombre",
      "last_name": "Segundo",
      "is_superuser": false,
      "password": "pbkdf2_sha256$100000$bWWEMGuheUqL$+6Hql3znkScHMz5w5DsurMrD+31e+P/PnYcflkNSA14=",
      "username": "UsuarioTest1",
      "email": "algo@algo.com",
      "is_staff": false,
      "is_active": true,
      "sex": "M",
      "style": "N",
      "date_joined": "2019-11-11T22:00:00Z",
      "last_login": "2019-11-11T22:00:00Z",
      "groups": [],
      "user_permissions": []
    }
  },
  {
    "model": "authentication.UserProfile",
    "pk": 11,
    "fields": {
      "first_name": "Primer nombre",
      "last_name": "Segundo",
      "is_superuser": false,
      "password": "pbkdf2_sha256$100000$bWWEMGuheUqL$+6Hql3znkScHMz5w5DsurMrD+31e+P/PnYcflkNSA14=",
      "username": "UsuarioTest2",
      "email": "algo@algo.com",
      "is_staff": false,
      "is_active": true,
      "sex": "F",
      "style": "N",
      "date_joined": "2019-11-11T22:00:00Z",
      "last_login": "2019-11-11T22:00:00Z",
      "groups": [],
      "user_permissions": []
    }
  },
  {
    "model": "authentication.UserProfile",
    "pk": 12,
    "fields": {
      "first_name": "Primer nombre",
      "last_name": "Segundo",
      "is_superuser": false,
      "password": "pbkdf2_sha256$100000$bWWEMGuheUqL$+6Hql3znkScHMz5w5DsurMrD+31e+P/PnYcflkNSA14=",
      "username": "UsuarioTest3",
      "email": "algo@algo.com",
      "is_staff": false,
      "is_active": true,
      "sex": "F",
      "style": "N",
      "date_joined": "2019-11-11T22:00:00Z",
      "last_login": "2019-11-11T22:00:00Z",
      "groups": [],
      "user_permissions": []
    }
  },
  {
    "model": "authentication.UserProfile",
    "pk": 13,
    "fields": {
      "first_name": "Primer nombre",
      "last_name": "Segundo",
      "is_superuser": false,
      "password": "pbkdf2_sha256$100000$bWWEMGuheUqL$+6Hql3znkScHMz5w5DsurMrD+31e+P/PnYcflkNSA14=",
      "username": "UsuarioTest4",
      "email": "algo@algo.com",
      "is_staff": false,
      "is_active": true,
      "sex": "M",
      "style": "N",
      "date_joined": "2019-11-11T22:00:00Z",
      "last_login": "2019-11-11T22:00:00Z",
      "groups": [],
      "user_permissions": []
    }
  },
  {
    "model": "authentication.UserProfile",
    "pk": 14,
    "fields": {
      "first_name": "Primer nombre",
      "last_name": "Segundo",
      "is_superuser": false,
      "password": "pbkdf2_sha256$100000$bWWEMGuheUqL$+6Hql3znkScHMz5w5DsurMrD+31e+P/PnYcflkNSA14=",
      "username": "UsuarioTest5",
      "email": "algo@algo.com",
      "is_staff": false,
      "is_active": true,
      "sex": "F",
      "style": "N",
      "date_joined": "2019-11-11T22:00:00Z",
      "last_login": "2019-11-11T22:00:00Z",
      "groups": [],
      "user_permissions": []
    }
  },
  {
    "model": "authentication.UserProfile",
    "pk": 15,
    "fields": {
      "first_name": "Primer nombre",
      "last_name": "Segundo",
      "is_superuser": false,
      "password": "pbkdf2_sha256$100000$bWWEMGuheUqL$+6Hql3znkScHMz5w5DsurMrD+31e+P/PnYcflkNSA14=",
      "username": "UsuarioTest6",
      "email": "algo@algo.com",
      "is_staff": false,
      "is_active": true,
      "sex": "F",
      "style": "N",
      "date_joined": "2019-11-11T22:00:00Z",
      "last_login": "2019-11-11T22:00:00Z",
      "groups": [],
      "user_permissions": []
    }
  },
  {
    "model": "authentication.UserProfile",
    "pk": 16,
    "fields": {
      "first_name": "Primer nombre",
      "last_name": "Segundo",
      "is_superuser": false,
      "password": "pbkdf2_sha256$100000$bWWEMGuheUqL$+6Hql3znkScHMz5w5DsurMrD+31e+P/PnYcflkNSA14=",
      "username": "UsuarioTest7",
      "email": "algo@algo.com",
      "is_staff": false,
      "is_active": true,
      "sex": "F",
      "style": "N",
      "date_joined": "2019-11-11T22:00:00Z",
      "last_login": "2019-11-11T22:00:00Z",
      "groups": [],
      "user_permissions": []
    }
  },
  {
    "model": "authentication.UserProfile",
    "pk": 17,
    "fields": {
      "first_name": "Primer nombre",
      "last_name": "Segundo",
      "is_superuser": false,
      "password": "pbkdf2_sha256$100000$bWWEMGuheUqL$+6Hql3znkScHMz5w5DsurMrD+31e+P/PnYcflkNSA14=",
      "username": "UsuarioTest8",
      "email": "algo@algo.com",
      "is_staff": false,
      "is_active": true,
      "sex": "F",
      "style": "N",
      "date_joined": "2019-11-11T22:00:00Z",
      "last_login": "2019-11-11T22:00:00Z",
      "groups": [],
      "user_permissions": []
    }
  },
  {
    "model": "authentication.UserProfile",
    "pk": 18,
    "fields": {
      "first_name": "Primer nombre",
      "last_name": "Segundo",
      "is_superuser": false,
      "password": "pbkdf2_sha256$100000$bWWEMGuheUqL$+6Hql3znkScHMz5w5DsurMrD+31e+P/PnYcflkNSA14=",
      "username": "UsuarioTest9",
      "email": "algo@algo.com",
      "is_staff": false,
      "is_active": true,
      "sex": "M",
      "style": "N",
      "date_joined": "2019-11-11T22:00:00Z",
      "last_login": "2019-11-11T22:00:00Z",
      "groups": [],
      "user_permissions": []
    }
  },
  {
    "model": "authentication.UserProfile",
    "pk": 19,
    "fields": {
      "first_name": "Primer nombre",
      "last_name": "Segundo",
      "is_superuser": false,
      "password": "pbkdf2_sha256$100000$bWWEMGuheUqL$+6Hql3znkScHMz5w5DsurMrD+31e+P/PnYcflkNSA14=",
      "username": "UsuarioTest10",
      "email": "algo@algo.com",
      "is_staff": false,
      "is_active": true,
      "sex": "M",
      "style": "N",
      "date_joined": "2019-11-11T22:00:00Z",
      "last_login": "2019-11-11T22:00:00Z",
      "groups": [],
      "user_permissions": []
    }
  },
  {
    "model": "authentication.UserProfile",
    "pk": 20,
    "fields": {
      "first_name": "Primer nombre",
      "last_name": "Segundo",
      "is_superuser": false,
      "password": "pbkdf2_sha256$100000$bWWEMGuheUqL$+6Hql3znkScHMz5w5DsurMrD+31e+P/PnYcflkNSA14=",
      "username": "UsuarioTest11",
      "email": "algo@algo.com",
      "is_staff": false,
      "is_active": true,
      "sex": "F",
      "style": "N",
      "date_joined": "2019-11-11T22:00:00Z",
      "last_login": "2019-11-11T22:00:00Z",
      "groups": [],
      "user_permissions": []
    }
  },
  {
    "model": "authentication.UserProfile",
    "pk": 21,
    "fields": {
      "first_name": "Primer nombre",
      "last_name": "Segundo",
      "is_superuser": false,
      "password": "pbkdf2_sha256$100000$bWWEMGuheUqL$+6Hql3znkScHMz5w5DsurMrD+31e+P/PnYcflkNSA14=",
      "username": "UsuarioTest12",
      "email": "algo@algo.com",
      "is_staff": false,
      "is_active": true,
      "sex": "F",
      "style": "N",
      "date_joined": "2019-11-11T22:00:00Z",
      "last_login": "2019-11-11T22:00:00Z",
      "groups": [],
      "user_permissions": []
    }
  },
  {
    "model": "authentication.UserProfile",
    "pk": 22,
    "fields": {
      "first_name": "Primer nombre",
      "last_name": "Segundo",
      "is_superuser": false,
      "password": "pbkdf2_sha256$100000$bWWEMGuheUqL$+6Hql3znkScHMz5w5DsurMrD+31e+P/PnYcflkNSA14=",
      "username": "UsuarioTest13",
      "email": "algo@algo.com",
      "is_staff": false,
      "is_active": true,
      "sex": "F",
      "style": "N",
      "date_joined": "2019-11-11T22:00:00Z",
      "last_login": "2019-11-11T22:00:00Z",
      "groups": [],
      "user_permissions": []
    }
  },
  {
    "model": "authentication.UserProfile",
    "pk": 23,
    "fields": {
      "first_name": "Primer nombre",
      "last_name": "Segundo",
      "is_superuser": false,
      "password": "pbkdf2_sha256$100000$bWWEMGuheUqL$+6Hql3znkScHMz5w5DsurMrD+31e+P/PnYcflkNSA14=",
      "username": "UsuarioTest14",
      "email": "algo@algo.com",
      "is_staff": false,
      "is_active": true,
      "sex": "M",
      "style": "N",
      "date_joined": "2019-11-11T22:00:00Z",
      "last_login": "2019-11-11T22:00:00Z",
      "groups": [],
      "user_permissions": []
    }
  },
  {
    "model": "authentication.UserProfile",
    "pk": 24,
    "fields": {
      "first_name": "Primer nombre",
      "last_name": "Segundo",
      "is_superuser": false,
      "password": "pbkdf2_sha256$100000$bWWEMGuheUqL$+6Hql3znkScHMz5w5DsurMrD+31e+P/PnYcflkNSA14=",
      "username": "UsuarioTest15",
      "email": "algo@algo.com",
      "is_staff": false,
      "is_active": true,
      "sex": "M",
      "style": "N",
      "date_joined": "2019-11-11T22:00:00Z",
      "last_login": "2019-11-11T22:00:00Z",
      "groups": [],
      "user_permissions": []
    }
  },
  {
    "model": "authentication.UserProfile",
    "pk": 25,
    "fields": {
      "first_name": "Primer nombre",
      "last_name": "Segundo",
      "is_superuser": false,
      "password": "pbkdf2_sha256$100000$bWWEMGuheUqL$+6Hql3znkScHMz5w5DsurMrD+31e+P/PnYcflkNSA14=",
      "username": "UsuarioTest16",
      "email": "algo@algo.com",
      "is_staff": false,
      "is_active": true,
      "sex": "F",
      "style": "N",
      "date_joined": "2019-11-11T22:00:00Z",
      "last_login": "2019-11-11T22:00:00Z",
      "groups": [],
      "user_permissions": []
    }
  },
  {
    "model": "authentication.UserProfile",
    "pk": 26,
    "fields": {
      "first_name": "Primer nombre",
      "last_name": "Segundo",
      "is_superuser": false,
      "password": "pbkdf2_sha256$100000$bWWEMGuheUqL$+6Hql3znkScHMz5w5DsurMrD+31e+P/PnYcflkNSA14=",
      "username": "UsuarioTest17",
      "email": "algo@algo.com",
      "is_staff": false,
      "is_active": true,
      "sex": "F",
      "style": "N",
      "date_joined": "2019-11-11T22:00:00Z",
      "last_login": "2019-11-11T22:00:00Z",
      "groups": [],
      "user_permissions": []
    }
  },
  {
    "model": "authentication.UserProfile",
    "pk": 27,
    "fields": {
      "first_name": "Primer nombre",
      "last_name": "Segundo",
      "is_superuser": false,
      "password": "pbkdf2_sha256$100000$bWWEMGuheUqL$+6Hql3znkScHMz5w5DsurMrD+31e+P/PnYcflkNSA14=",
      "username": "UsuarioTest18",
      "email": "algo@algo.com",
      "is_staff": false,
      "is_active": true,
      "sex": "F",
      "style": "N",
      "date_joined": "2019-11-11T22:00:00Z",
      "last_login": "2019-11-11T22:00:00Z",
      "groups": [],
      "user_permissions": []
    }
  },
  {
    "model": "authentication.UserProfile",
    "pk": 28,
    "fields": {
      "first_name": "Primer nombre",
      "last_name": "Segundo",
      "is_superuser": false,
      "password": "pbkdf2_sha256$100000$bWWEMGuheUqL$+6Hql3znkScHMz5w5DsurMrD+31e+P/PnYcflkNSA14=",
      "username": "UsuarioTest19",
      "email": "algo@algo.com",
      "is_staff": false,
      "is_active": true,
      "sex": "M",
      "style": "N",
      "date_joined": "2019-11-11T22:00:00Z",
      "last_login": "2019-11-11T22:00:00Z",
      "groups": [],
      "user_permissions": []
    }
  },
  {
    "model": "authentication.UserProfile",
    "pk": 29,
    "fields": {
      "first_name": "Primer nombre",
      "last_name": "Segundo",
      "is_superuser": false,
      "password": "pbkdf2_sha256$100000$bWWEMGuheUqL$+6Hql3znkScHMz5w5DsurMrD+31e+P/PnYcflkNSA14=",
      "username": "UsuarioTest20",
      "email": "algo@algo.com",
      "is_staff": false,
      "is_active": true,
      "sex": "F",
      "style": "N",
      "date_joined": "2019-11-11T22:00:00Z",
      "last_login": "2019-11-11T22:00:00Z",
      "groups": [],
      "user_permissions": []
    }
  },
  {
    "model": "authentication.UserProfile",
    "pk": 30,
    "fields": {
      "first_name": "Primer nombre",
      "last_name": "Segundo",
      "is_superuser": false,
      "password": "pbkdf2_sha256$100000$bWWEMGuheUqL$+6Hql3znkScHMz5w5DsurMrD+31e+P/PnYcflkNSA14=",
      "username": "UsuarioTest21",
      "email": "algo@algo.com",
      "is_staff": false,
      "is_active": true,
      "sex": "M",
      "style": "N",
      "date_joined": "2019-11-11T22:00:00Z",
      "last_login": "2019-11-11T22:00:00Z",
      "groups": [],
      "user_permissions": []
    }
  },
  {
    "model": "authentication.UserProfile",
    "pk": 31,
    "fields": {
      "first_name": "Primer nombre",
      "last_name": "Segundo",
      "is_superuser": false,
      "password": "pbkdf2_sha256$100000$bWWEMGuheUqL$+6Hql3znkScHMz5w5DsurMrD+31e+P/PnYcflkNSA14=",
      "username": "UsuarioTest22",
      "email": "algo@algo.com",
      "is_staff": false,
      "is_active": true,
      "sex": "M",
      "style": "N",
      "date_joined": "2019-11-11T22:00:00Z",
      "last_login": "2019-11-11T22:00:00Z",
      "groups": [],
      "user_permissions": []
    }
  },
  {
    "model": "authentication.UserProfile",
    "pk": 32,
    "fields": {
      "first_name": "Primer nombre",
      "last_name": "Segundo",
      "is_superuser": false,
      "password": "pbkdf2_sha256$100000$bWWEMGuheUqL$+6Hql3znkScHMz5w5DsurMrD+31e+P/PnYcflkNSA14=",
      "username": "UsuarioTest23",
      "email": "algo@algo.com",
      "is_staff": false,
      "is_active": true,
      "sex": "M",
      "style": "N",
      "date_joined": "2019-11-11T22:00:00Z",
      "last_login": "2019-11-11T22:00:00Z",
      "groups": [],
      "user_permissions": []
    }
  },
  {
    "model": "authentication.UserProfile",
    "pk": 33,
    "fields": {
      "first_name": "Primer nombre",
      "last_name": "Segundo",
      "is_superuser": false,
      "password": "pbkdf2_sha256$100000$bWWEMGuheUqL$+6Hql3znkScHMz5w5DsurMrD+31e+P/PnYcflkNSA14=",
      "username": "UsuarioTest24",
      "email": "algo@algo.com",
      "is_staff": false,
      "is_active": true,
      "sex": "M",
      "style": "N",
      "date_joined": "2019-11-11T22:00:00Z",
      "last_login": "2019-11-11T22:00:00Z",
      "groups": [],
      "user_permissions": []
    }
  },
  {
    "model": "authentication.UserProfile",
    "pk": 34,
    "fields": {
      "first_name": "Primer nombre",
      "last_name": "Segundo",
      "is_superuser": false,
      "password": "pbkdf2_sha256$100000$bWWEMGuheUqL$+6Hql3znkScHMz5w5DsurMrD+31e+P/PnYcflkNSA14=",
      "username": "UsuarioTest25",
      "email": "algo@algo.com",
      "is_staff": false,
      "is_active": true,
      "sex": "F",
      "style": "N",
      "date_joined": "2019-11-11T22:00:00Z",
      "last_login": "2019-11-11T22:00:00Z",
      "groups": [],
      "user_permissions": []
    }
  },
  {
    "model": "authentication.UserProfile",
    "pk": 35,
    "fields": {
      "first_name": "Primer nombre",
      "last_name": "Segundo",
      "is_superuser": false,
      "password": "pbkdf2_sha256$100000$bWWEMGuheUqL$+6Hql3znkScHMz5w5DsurMrD+31e+P/PnYcflkNSA14=",
      "username": "UsuarioTest26",
      "email": "algo@algo.com",
      "is_staff": false,
      "is_active": true,
      "sex": "F",
      "style": "N",
      "date_joined": "2019-11-11T22:00:00Z",
      "last_login": "2019-11-11T22:00:00Z",
      "groups": [],
      "user_permissions": []
    }
  },
  {
    "model": "voting.question",
    "pk": 10,
    "fields": {
      "option_types": 1,
      "type": 1,
      "desc": "1234567890"
    }
  },
  {
    "model": "voting.questionOption",
    "pk": 10,
    "fields": {
      "number": 1,
      "option": "Opcion 1",
      "question": 10
    }
  },
  {
    "model": "voting.questionOption",
    "pk": 11,
    "fields": {
      "number": 2,
      "option": "Opcion 2",
      "question": 10
    }
  },
  {
    "model": "voting.questionOption",
    "pk": 12,
    "fields": {
      "number": 3,
      "option": "Opcion 3",
      "question": 10
    }
  },
  {
    "model": "voting.question",
    "pk": 11,
    "fields": {
      "option_types": 1,
      "desc": "1234567891"
    }
  },
  {
    "model": "voting.questionOption",
    "pk": 13,
    "fields": {
      "number": 1,
      "option": "Opcion 1",
      "question": 11
    }
  },
  {
    "model": "voting.questionOption",
    "pk": 14,
    "fields": {
      "number": 2,
      "option": "Opcion 2",
      "question": 11
    }
  },
  {
    "model": "voting.questionOption",
    "pk": 15,
    "fields": {
      "number": 3,
      "option": "Opcion 3",
      "question": 11
    }
  },
  {
    "model": "voting.question",
    "pk": 12,
    "fields": {
      "option_types": 1,
      "desc": "1234567892"
    }
  },
  {
    "model": "voting.questionOption",
    "pk": 16,
    "fields": {
      "number": 1,
      "option": "Opcion 1",
      "question": 12
    }
  },
  {
    "model": "voting.questionOption",
    "pk": 17,
    "fields": {
      "number": 2,
      "option": "Opcion 2",
      "question": 12
    }
  },
  {
    "model": "voting.questionOption",
    "pk": 18,
    "fields": {
      "number": 3,
      "option": "Opcion 3",
      "question": 12
    }
  },
  {
    "model": "voting.question",
    "pk": 13,
    "fields": {
      "option_types": 1,
      "type": 0,
      "desc": "1233567800"
    }
  },
  {
    "model": "voting.questionOption",
    "pk": 19,
    "fields": {
      "number": 1,
      "option": "Rojo",
      "question": 13
    }
  },
  {
    "model": "voting.questionOption",
    "pk": 20,
    "fields": {
      "number": 2,
      "option": "Verde",
      "question": 13
    }
  },
  {
    "model": "voting.questionOption",
    "pk": 21,
    "fields": {
      "number": 3,
      "option": "Amarillo",
      "question": 13
    }
  },
  {
    "model": "voting.questionOption",
    "pk": 22,
    "fields": {
      "number": 4,
      "option": "Azul",
      "question": 13
    }
  },
  {
    "model": "voting.question",
    "pk": 14,
    "fields": {
      "option_types": 1,
      "type": 3,
      "desc": "1234344789"
    }
  },
  {
    "model": "voting.questionOption",
    "pk": 23,
    "fields": {
      "number": 1,
      "option": "Triangular",
      "question": 14
    }
  },
  {
    "model": "voting.questionOption",
    "pk": 24,
    "fields": {
      "number": 2,
      "option": "Cuadrado",
      "question": 14
    }
  },
  {
    "model": "voting.questionOption",
    "pk": 25,
    "fields": {
      "number": 3,
      "option": "Redondo",
      "question": 14
    }
  },
  {
    "model": "voting.question",
    "pk": 15,
    "fields": {
      "option_types": 1,
      "type": 2,
      "desc": "Voting Question Desc"
    }
  },
  {
    "model": "voting.questionOption",
    "pk": 26,
    "fields": {
      "number": 1,
      "option": "Opcion 1",
      "question": 15
    }
  },
  {
    "model": "voting.questionOption",
    "pk": 27,
    "fields": {
      "number": 2,
      "option": "Opcion 2",
      "question": 15
    }
  },
  {
    "model": "voting.questionOption",
    "pk": 28,
    "fields": {
      "number": 3,
      "option": "Opcion 3",
      "question": 15
    }
  },
  {
    "model": "base.auth",
    "pk": 10,
    "fields": {
      "name": "Autenticacion populate",
      "url": "http://localhost:8000",
      "me": false
    }
  },
  {
    "model": "base.key",
    "pk": 10,
    "fields": {
      "p": 2539,
      "g": 2,
      "y": 403,
      "x": 51
    }
  },
  {
    "model": "base.key",
    "pk": 11,
    "fields": {
      "p": 2539,
      "g": 2,
      "y": 403,
      "x": 51
    }
  },
  {
    "model": "base.key",
    "pk": 12,
    "fields": {
      "p": 2539,
      "g": 2,
      "y": 403,
      "x": 51
    }
  },
  {
    "model": "base.key",
    "pk": 13,
    "fields": {
      "p": 2539,
      "g": 2,
      "y": 403,
      "x": 51
    }
  },
  {
    "model": "base.key",
    "pk": 14,
    "fields": {
      "p": 2539,
      "g": 2,
      "y": 403,
      "x": 51
    }
  },
  {
    "model": "base.key",
    "pk": 15,
    "fields": {
      "p": 2539,
      "g": 2,
      "y": 403,
      "x": 51
    }
  },
  {
    "model": "voting.voting",
    "pk": 20,
    "fields": {
      "name": "[popultate]Votacion finalizada Borda",
      "desc": "desc de prueba",
      "question": [10],
      "start_date": "2020-11-11T22:00:00Z",
      "end_date": "2020-11-15T22:00:00Z",
      "started_by": "decide",
      "pub_key": 10,
      "tally": [{"2": [0, 10]}, {"2": [0, 10]}, {"1": [0, 10]}, {"3": [0, 10]}, {"1": [0, 10]}, {"2": [0, 10]}, {"3": [0, 10]}, {"2": [0, 10]}, {"1": [0, 10]}, {"3": [0, 10]}, {"3": [0, 10]}],
      "tallyM": [],
      "tallyF": [],
      "postproc": [
  {
    "type": "BORDA",
    "options": [
      {
        "votes": 4,
        "number": 3,
        "option": "Opcion 3",
        "points": 1,
        "postproc": 24,
        "question": "1234567890",
        "votes_fem": 0,
        "votes_masc": 0,
        "question_id": 10
      },
      {
        "votes": 4,
        "number": 2,
        "option": "Opcion 2",
        "points": 1,
        "postproc": 24,
        "question": "1234567890",
        "votes_fem": 0,
        "votes_masc": 0,
        "question_id": 10
      },
      {
        "votes": 3,
        "number": 1,
        "option": "Opcion 1",
        "points": 1,
        "postproc": 18,
        "question": "1234567890",
        "votes_fem": 0,
        "votes_masc": 0,
        "question_id": 10
      }
    ]
  }
],
      "auths": [10]
    }
  },
  {
    "model": "voting.voting",
    "pk": 21,
    "fields": {
      "name": "[popultate]Votacion empezada",
      "desc": "desc de prueba",
      "question": [11],
      "start_date": "2020-11-11T22:00:00Z",
      "started_by": "decide",
      "pub_key": 11,
      "auths": [10]
    }
  },
  {
    "model": "voting.voting",
    "pk": 22,
    "fields": {
      "name": "[popultate]Votacion sin empezar",
      "desc": "desc de prueba",
      "question": [12],
      "pub_key": 12,
      "auths": [10]
    }
  },
  {
    "model": "voting.voting",
    "pk": 23,
    "fields": {
      "name": "[popultate]Votacion colores finalizada Identity",
      "desc": "desc de prueba",
      "question": [13],
      "start_date": "2020-11-11T22:00:00Z",
      "started_by": "decide",
      "end_date": "2020-11-15T22:00:00Z",
      "pub_key": 13,
      "tally": [{"2": [0, 13]}, {"4": [0, 13]}, {"4": [0, 13]}, {"4": [0, 13]}, {"1": [0, 13]}, {"3": [0, 13]}, {"1": [0, 13]}, {"1": [0, 13]}, {"1": [0, 13]}, {"4": [0, 13]}, {"4": [0, 13]}, {"4": [0, 13]}, {"1": [0, 13]}, {"2": [0, 13]}, {"1": [0, 13]}, {"3": [0, 13]}, {"1": [0, 13]}, {"2": [0, 13]}, {"3": [0, 13]}, {"1": [0, 13]}, {"2": [0, 13]}, {"4": [0, 13]}, {"4": [0, 13]}, {"1": [0, 13]}, {"3": [0, 13]}],
      "tallyM": [],
      "tallyF": [],
      "postproc": [
        {
    "type": "IDENTITY",
    "options": [
      {
        "votes": 9,
        "number": 1,
        "option": "Rojo",
        "points": 1,
        "postproc": 9,
        "question": "1233567800",
        "votes_fem": 0,
        "votes_masc": 0,
        "question_id": 13
      },
      {
        "votes": 8,
        "number": 4,
        "option": "Azul",
        "points": 1,
        "postproc": 8,
        "question": "1233567800",
        "votes_fem": 0,
        "votes_masc": 0,
        "question_id": 13
      },
      {
        "votes": 4,
        "number": 3,
        "option": "Amarillo",
        "points": 1,
        "postproc": 4,
        "question": "1233567800",
        "votes_fem": 0,
        "votes_masc": 0,
        "question_id": 13
      },
      {
        "votes": 4,
        "number": 2,
        "option": "Verde",
        "points": 1,
        "postproc": 4,
        "question": "1233567800",
        "votes_fem": 0,
        "votes_masc": 0,
        "question_id": 13
      }
    ]
  }
],
      "auths": [10]
    }
  },
   {
    "model": "voting.voting",
    "pk": 23,
    "fields": {
      "name": "[popultate]Votacion colores finalizada Hondt again",
      "desc": "desc de prueba",
      "question": [15],
      "start_date": "2020-11-11T22:00:00Z",
      "started_by": "decide",
      "end_date": "2020-11-15T22:00:00Z",
      "pub_key": 13,
      "tally": [{"2": [0, 13]}, {"4": [0, 13]}, {"4": [0, 13]}, {"4": [0, 13]}, {"1": [0, 13]}, {"3": [0, 13]}, {"1": [0, 13]}, {"1": [0, 13]}, {"1": [0, 13]}, {"4": [0, 13]}, {"4": [0, 13]}, {"4": [0, 13]}, {"1": [0, 13]}, {"2": [0, 13]}, {"1": [0, 13]}, {"3": [0, 13]}, {"1": [0, 13]}, {"2": [0, 13]}, {"3": [0, 13]}, {"1": [0, 13]}, {"2": [0, 13]}, {"4": [0, 13]}, {"4": [0, 13]}, {"1": [0, 13]}, {"3": [0, 13]}],
      "tallyM": [],
      "tallyF": [],
      "postproc": [
        {
    "type": "HONDT",
    "options": [
      {
        "votes": 9,
        "number": 1,
        "option": "Rojo",
        "points": 5,
        "postproc": 0,
        "question": "1233567800",
        "votes_fem": 0,
        "votes_masc": 0,
        "question_id": 13
      },
      {
        "votes": 8,
        "number": 4,
        "option": "Azul",
        "points": 5,
        "postproc": 1,
        "question": "1233567800",
        "votes_fem": 0,
        "votes_masc": 0,
        "question_id": 13
      },
      {
        "votes": 4,
        "number": 3,
        "option": "Amarillo",
        "points": 5,
        "postproc": 2,
        "question": "1233567800",
        "votes_fem": 0,
        "votes_masc": 0,
        "question_id": 13
      },
      {
        "votes": 4,
        "number": 2,
        "option": "Verde",
        "points": 5,
        "postproc": 2,
        "question": "1233567800",
        "votes_fem": 0,
        "votes_masc": 0,
        "question_id": 13
      }
    ]
  }
],
      "auths": [10]
    }
  },
  {
    "model": "voting.voting",
    "pk": 24,
    "fields": {
      "name": "[popultate]Votacion formas finalizada Equality",
      "desc": "desc de prueba",
      "question": [14],
      "start_date": "2020-11-11T22:00:00Z",
      "started_by": "decide",
      "end_date": "2020-11-15T22:00:00Z",
      "pub_key": 14,
      "tally": [{"1": [0, 14]}, {"3": [0, 14]}, {"1": [0, 14]}, {"2": [0, 14]}, {"1": [0, 14]}, {"3": [0, 14]}, {"1": [0, 14]}, {"3": [0, 14]}, {"1": [0, 14]}, {"1": [0, 14]}, {"2": [0, 14]}, {"3": [0, 14]}, {"2": [0, 14]}, {"2": [0, 14]}, {"1": [0, 14]}, {"3": [0, 14]}, {"2": [0, 14]}, {"1": [0, 14]}, {"3": [0, 14]}, {"2": [0, 14]}, {"3": [0, 14]}, {"1": [0, 14]}, {"1": [0, 14]}, {"2": [0, 14]}],
      "tallyM": [{"1": [0, 14]}, {"3": [0, 14]}, {"3": [0, 14]}, {"1": [0, 14]}, {"1": [0, 14]}, {"2": [0, 14]}, {"1": [0, 14]}, {"1": [0, 14]}, {"2": [0, 14]}, {"3": [0, 14]}, {"3": [0, 14]}, {"3": [0, 14]}, {"2": [0, 14]}],
      "tallyF": [{"2": [0, 14]}, {"2": [0, 14]}, {"1": [0, 14]}, {"3": [0, 14]}, {"3": [0, 14]}, {"1": [0, 14]}, {"1": [0, 14]}, {"2": [0, 14]}, {"1": [0, 14]}, {"2": [0, 14]}, {"1": [0, 14]}],
      "postproc": [
  {
    "type": "EQUALITY",
    "options": [
      {
        "votes": 10,
        "number": 1,
        "option": "Triangular",
        "points": 1,
        "postproc": 9,
        "question": "1234344789",
        "votes_fem": 5,
        "votes_masc": 5,
        "question_id": 14
      },
      {
        "votes": 7,
        "number": 2,
        "option": "Cuadrado",
        "points": 1,
        "postproc": 7,
        "question": "1234344789",
        "votes_fem": 4,
        "votes_masc": 3,
        "question_id": 14
      },
      {
        "votes": 7,
        "number": 3,
        "option": "Redondo",
        "points": 1,
        "postproc": 6,
        "question": "1234344789",
        "votes_fem": 2,
        "votes_masc": 5,
        "question_id": 14
      }
    ]
  }
],
      "auths": [10]
    }
  },
  {
    "model": "census.census",
    "pk": 10,
    "fields": {
      "voting_id": 20,
      "voter_id": 10
    }
  },
  {
    "model": "census.census",
    "pk": 11,
    "fields": {
      "voting_id": 20,
      "voter_id": 11
    }
  },
  {
    "model": "census.census",
    "pk": 12,
    "fields": {
      "voting_id": 20,
      "voter_id": 12
    }
  },
  {
    "model": "census.census",
    "pk": 13,
    "fields": {
      "voting_id": 20,
      "voter_id": 13
    }
  },
  {
    "model": "census.census",
    "pk": 14,
    "fields": {
      "voting_id": 20,
      "voter_id": 14
    }
  },
  {
    "model": "census.census",
    "pk": 15,
    "fields": {
      "voting_id": 20,
      "voter_id": 15
    }
  },
  {
    "model": "census.census",
    "pk": 16,
    "fields": {
      "voting_id": 20,
      "voter_id": 16
    }
  },
  {
    "model": "census.census",
    "pk": 17,
    "fields": {
      "voting_id": 20,
      "voter_id": 17
    }
  },
  {
    "model": "census.census",
    "pk": 18,
    "fields": {
      "voting_id": 20,
      "voter_id": 18
    }
  },
  {
    "model": "census.census",
    "pk": 19,
    "fields": {
      "voting_id": 20,
      "voter_id": 19
    }
  },
  {
    "model": "census.census",
    "pk": 20,
    "fields": {
      "voting_id": 20,
      "voter_id": 20
    }
  },
  {
    "model": "census.census",
    "pk": 21,
    "fields": {
      "voting_id": 21,
      "voter_id": 10
    }
  },
  {
    "model": "census.census",
    "pk": 22,
    "fields": {
      "voting_id": 21,
      "voter_id": 11
    }
  },
  {
    "model": "census.census",
    "pk": 23,
    "fields": {
      "voting_id": 21,
      "voter_id": 12
    }
  },
  {
    "model": "census.census",
    "pk": 24,
    "fields": {
      "voting_id": 21,
      "voter_id": 13
    }
  },
  {
    "model": "census.census",
    "pk": 25,
    "fields": {
      "voting_id": 21,
      "voter_id": 14
    }
  },
  {
    "model": "census.census",
    "pk": 26,
    "fields": {
      "voting_id": 21,
      "voter_id": 15
    }
  },
  {
    "model": "census.census",
    "pk": 27,
    "fields": {
      "voting_id": 21,
      "voter_id": 16
    }
  },
  {
    "model": "census.census",
    "pk": 28,
    "fields": {
      "voting_id": 21,
      "voter_id": 17
    }
  },
  {
    "model": "census.census",
    "pk": 29,
    "fields": {
      "voting_id": 21,
      "voter_id": 18
    }
  },
  {
    "model": "census.census",
    "pk": 30,
    "fields": {
      "voting_id": 21,
      "voter_id": 19
    }
  },
  {
    "model": "census.census",
    "pk": 31,
    "fields": {
      "voting_id": 21,
      "voter_id": 20
    }
  },
  {
    "model": "census.census",
    "pk": 32,
    "fields": {
      "voting_id": 22,
      "voter_id": 10
    }
  },
  {
    "model": "census.census",
    "pk": 33,
    "fields": {
      "voting_id": 22,
      "voter_id": 11
    }
  },
  {
    "model": "census.census",
    "pk": 34,
    "fields": {
      "voting_id": 22,
      "voter_id": 12
    }
  },
  {
    "model": "census.census",
    "pk": 35,
    "fields": {
      "voting_id": 22,
      "voter_id": 13
    }
  },
  {
    "model": "census.census",
    "pk": 36,
    "fields": {
      "voting_id": 22,
      "voter_id": 14
    }
  },
  {
    "model": "census.census",
    "pk": 37,
    "fields": {
      "voting_id": 22,
      "voter_id": 15
    }
  },
  {
    "model": "census.census",
    "pk": 38,
    "fields": {
      "voting_id": 22,
      "voter_id": 16
    }
  },
  {
    "model": "census.census",
    "pk": 39,
    "fields": {
      "voting_id": 22,
      "voter_id": 17
    }
  },
  {
    "model": "census.census",
    "pk": 40,
    "fields": {
      "voting_id": 22,
      "voter_id": 18
    }
  },
  {
    "model": "census.census",
    "pk": 41,
    "fields": {
      "voting_id": 22,
      "voter_id": 19
    }
  },
  {
    "model": "census.census",
    "pk": 42,
    "fields": {
      "voting_id": 22,
      "voter_id": 20
    }
  },
  {
    "model": "census.census",
    "pk": 43,
    "fields": {
      "voting_id": 20,
      "voter_id": 21
    }
  },
  {
    "model": "census.census",
    "pk": 44,
    "fields": {
      "voting_id": 20,
      "voter_id": 22
    }
  },
  {
    "model": "census.census",
    "pk": 45,
    "fields": {
      "voting_id": 23,
      "voter_id": 20
    }
  },
  {
    "model": "census.census",
    "pk": 46,
    "fields": {
      "voting_id": 23,
      "voter_id": 21
    }
  },
  {
    "model": "census.census",
    "pk": 47,
    "fields": {
      "voting_id": 23,
      "voter_id": 22
    }
  },
  {
    "model": "census.census",
    "pk": 48,
    "fields": {
      "voting_id": 23,
      "voter_id": 23
    }
  },
  {
    "model": "census.census",
    "pk": 49,
    "fields": {
      "voting_id": 23,
      "voter_id": 24
    }
  },
  {
    "model": "census.census",
    "pk": 50,
    "fields": {
      "voting_id": 23,
      "voter_id": 25
    }
  },
  {
    "model": "census.census",
    "pk": 51,
    "fields": {
      "voting_id": 23,
      "voter_id": 26
    }
  },
  {
    "model": "census.census",
    "pk": 52,
    "fields": {
      "voting_id": 23,
      "voter_id": 27
    }
  },
  {
    "model": "census.census",
    "pk": 53,
    "fields": {
      "voting_id": 23,
      "voter_id": 28
    }
  },
  {
    "model": "census.census",
    "pk": 54,
    "fields": {
      "voting_id": 23,
      "voter_id": 29
    }
  },
  {
    "model": "census.census",
    "pk": 55,
    "fields": {
      "voting_id": 23,
      "voter_id": 30
    }
  },
  {
    "model": "census.census",
    "pk": 56,
    "fields": {
      "voting_id": 23,
      "voter_id": 31
    }
  },
  {
    "model": "census.census",
    "pk": 57,
    "fields": {
      "voting_id": 23,
      "voter_id": 32
    }
  },
  {
    "model": "census.census",
    "pk": 58,
    "fields": {
      "voting_id": 23,
      "voter_id": 33
    }
  },
  {
    "model": "census.census",
    "pk": 59,
    "fields": {
      "voting_id": 23,
      "voter_id": 34
    }
  },
  {
    "model": "census.census",
    "pk": 60,
    "fields": {
      "voting_id": 23,
      "voter_id": 10
    }
  },
  {
    "model": "census.census",
    "pk": 61,
    "fields": {
      "voting_id": 23,
      "voter_id": 11
    }
  },
  {
    "model": "census.census",
    "pk": 62,
    "fields": {
      "voting_id": 23,
      "voter_id": 12
    }
  },
  {
    "model": "census.census",
    "pk": 63,
    "fields": {
      "voting_id": 23,
      "voter_id": 13
    }
  },
  {
    "model": "census.census",
    "pk": 64,
    "fields": {
      "voting_id": 23,
      "voter_id": 14
    }
  },
  {
    "model": "census.census",
    "pk": 65,
    "fields": {
      "voting_id": 23,
      "voter_id": 15
    }
  },
  {
    "model": "census.census",
    "pk": 66,
    "fields": {
      "voting_id": 23,
      "voter_id": 16
    }
  },
  {
    "model": "census.census",
    "pk": 67,
    "fields": {
      "voting_id": 23,
      "voter_id": 17
    }
  },
  {
    "model": "census.census",
    "pk": 68,
    "fields": {
      "voting_id": 23,
      "voter_id": 18
    }
  },
  {
    "model": "census.census",
    "pk": 69,
    "fields": {
      "voting_id": 23,
      "voter_id": 19
    }
  },
  {
    "model": "census.census",
    "pk": 70,
    "fields": {
      "voting_id": 24,
      "voter_id": 20
    }
  },
  {
    "model": "census.census",
    "pk": 71,
    "fields": {
      "voting_id": 24,
      "voter_id": 21
    }
  },
  {
    "model": "census.census",
    "pk": 72,
    "fields": {
      "voting_id": 24,
      "voter_id": 22
    }
  },
  {
    "model": "census.census",
    "pk": 73,
    "fields": {
      "voting_id": 24,
      "voter_id": 23
    }
  },
  {
    "model": "census.census",
    "pk": 74,
    "fields": {
      "voting_id": 24,
      "voter_id": 24
    }
  },
  {
    "model": "census.census",
    "pk": 75,
    "fields": {
      "voting_id": 24,
      "voter_id": 25
    }
  },
  {
    "model": "census.census",
    "pk": 76,
    "fields": {
      "voting_id": 24,
      "voter_id": 26
    }
  },
  {
    "model": "census.census",
    "pk": 77,
    "fields": {
      "voting_id": 24,
      "voter_id": 27
    }
  },
  {
    "model": "census.census",
    "pk": 78,
    "fields": {
      "voting_id": 24,
      "voter_id": 28
    }
  },
  {
    "model": "census.census",
    "pk": 79,
    "fields": {
      "voting_id": 24,
      "voter_id": 29
    }
  },
  {
    "model": "census.census",
    "pk": 80,
    "fields": {
      "voting_id": 24,
      "voter_id": 30
    }
  },
  {
    "model": "census.census",
    "pk": 81,
    "fields": {
      "voting_id": 24,
      "voter_id": 31
    }
  },
  {
    "model": "census.census",
    "pk": 82,
    "fields": {
      "voting_id": 24,
      "voter_id": 32
    }
  },
  {
    "model": "census.census",
    "pk": 83,
    "fields": {
      "voting_id": 24,
      "voter_id": 33
    }
  },
  {
    "model": "census.census",
    "pk": 84,
    "fields": {
      "voting_id": 24,
      "voter_id": 34
    }
  },
  {
    "model": "census.census",
    "pk": 85,
    "fields": {
      "voting_id": 24,
      "voter_id": 10
    }
  },
  {
    "model": "census.census",
    "pk": 86,
    "fields": {
      "voting_id": 24,
      "voter_id": 11
    }
  },
  {
    "model": "census.census",
    "pk": 87,
    "fields": {
      "voting_id": 24,
      "voter_id": 12
    }
  },
  {
    "model": "census.census",
    "pk": 88,
    "fields": {
      "voting_id": 24,
      "voter_id": 13
    }
  },
  {
    "model": "census.census",
    "pk": 89,
    "fields": {
      "voting_id": 24,
      "voter_id": 14
    }
  },
  {
    "model": "census.census",
    "pk": 90,
    "fields": {
      "voting_id": 24,
      "voter_id": 15
    }
  },
  {
    "model": "census.census",
    "pk": 91,
    "fields": {
      "voting_id": 24,
      "voter_id": 16
    }
  },
  {
    "model": "census.census",
    "pk": 92,
    "fields": {
      "voting_id": 24,
      "voter_id": 17
    }
  },
  {
    "model": "census.census",
    "pk": 93,
    "fields": {
      "voting_id": 24,
      "voter_id": 18
    }
  },
  {
    "model": "census.census",
    "pk": 94,
    "fields": {
      "voting_id": 24,
      "voter_id": 19
    }
  },
  {
    "model": "store.vote",
    "pk": 10,
    "fields": {
      "voting_id": 20,
      "voter_id": 10,
      "question_id": 10,
      "a": 1,
      "b": 2,
      "voted": "2020-11-12T22:00:00Z"
    }
  },
  {
    "model": "store.vote",
    "pk": 11,
    "fields": {
      "voting_id": 20,
      "voter_id": 11,
      "question_id": 10,
      "a": 1,
      "b": 2,
      "voted": "2020-11-12T22:00:00Z"
    }
  },
  {
    "model": "store.vote",
    "pk": 12,
    "fields": {
      "voting_id": 20,
      "voter_id": 12,
      "question_id": 10,
      "a": 1,
      "b": 2,
      "voted": "2020-11-12T22:00:00Z"
    }
  },
  {
    "model": "store.vote",
    "pk": 13,
    "fields": {
      "voting_id": 20,
      "voter_id": 13,
      "question_id": 10,
      "a": 1,
      "b": 3,
      "voted": "2020-11-12T22:00:00Z"
    }
  },
  {
    "model": "store.vote",
    "pk": 14,
    "fields": {
      "voting_id": 20,
      "voter_id": 14,
      "question_id": 10,
      "a": 1,
      "b": 1,
      "voted": "2020-11-12T22:00:00Z"
    }
  },
  {
    "model": "store.vote",
    "pk": 15,
    "fields": {
      "voting_id": 20,
      "voter_id": 15,
      "question_id": 10,
      "a": 1,
      "b": 1,
      "voted": "2020-11-12T22:00:00Z"
    }
  },
  {
    "model": "store.vote",
    "pk": 16,
    "fields": {
      "voting_id": 20,
      "voter_id": 16,
      "question_id": 10,
      "a": 1,
      "b": 3,
      "voted": "2020-11-12T22:00:00Z"
    }
  },
  {
    "model": "store.vote",
    "pk": 17,
    "fields": {
      "voting_id": 20,
      "voter_id": 17,
      "question_id": 10,
      "a": 1,
      "b": 1,
      "voted": "2020-11-12T22:00:00Z"
    }
  },
  {
    "model": "store.vote",
    "pk": 18,
    "fields": {
      "voting_id": 20,
      "voter_id": 18,
      "question_id": 10,
      "a": 1,
      "b": 3,
      "voted": "2020-11-12T22:00:00Z"
    }
  },
  {
    "model": "store.vote",
    "pk": 19,
    "fields": {
      "voting_id": 20,
      "voter_id": 19,
      "question_id": 10,
      "a": 1,
      "b": 3,
      "voted": "2020-11-12T22:00:00Z"
    }
  },
  {
    "model": "store.vote",
    "pk": 20,
    "fields": {
      "voting_id": 20,
      "voter_id": 20,
      "question_id": 10,
      "a": 1,
      "b": 2,
      "voted": "2020-11-12T22:00:00Z"
    }
  },
  {
    "model": "store.vote",
    "pk": 21,
    "fields": {
      "voting_id": 21,
      "voter_id": 23,
      "question_id": 11,
      "a": 1,
      "b": 2,
      "voted": "2020-11-12T22:00:00Z"
    }
  },
  {
    "model": "store.vote",
    "pk": 22,
    "fields": {
      "voting_id": 21,
      "voter_id": 30,
      "question_id": 11,
      "a": 1,
      "b": 2,
      "voted": "2020-11-12T22:00:00Z"
    }
  },
  {
    "model": "store.vote",
    "pk": 23,
    "fields": {
      "voting_id": 21,
      "voter_id": 26,
      "question_id": 11,
      "a": 1,
      "b": 1,
      "voted": "2020-11-12T22:00:00Z"
    }
  },
  {
    "model": "store.vote",
    "pk": 24,
    "fields": {
      "voting_id": 23,
      "voter_id": 20,
      "question_id": 13,
      "a": 1,
      "b": 4,
      "voted": "2020-11-12T22:00:00Z"
    }
  },
  {
    "model": "store.vote",
    "pk": 25,
    "fields": {
      "voting_id": 23,
      "voter_id": 21,
      "question_id": 13,
      "a": 1,
      "b": 1,
      "voted": "2020-11-12T22:00:00Z"
    }
  },
  {
    "model": "store.vote",
    "pk": 26,
    "fields": {
      "voting_id": 23,
      "voter_id": 22,
      "question_id": 13,
      "a": 1,
      "b": 1,
      "voted": "2020-11-12T22:00:00Z"
    }
  },
  {
    "model": "store.vote",
    "pk": 27,
    "fields": {
      "voting_id": 23,
      "voter_id": 23,
      "question_id": 13,
      "a": 1,
      "b": 2,
      "voted": "2020-11-12T22:00:00Z"
    }
  },
  {
    "model": "store.vote",
    "pk": 28,
    "fields": {
      "voting_id": 23,
      "voter_id": 24,
      "question_id": 13,
      "a": 1,
      "b": 3,
      "voted": "2020-11-12T22:00:00Z"
    }
  },
  {
    "model": "store.vote",
    "pk": 29,
    "fields": {
      "voting_id": 23,
      "voter_id": 25,
      "question_id": 13,
      "a": 1,
      "b": 3,
      "voted": "2020-11-12T22:00:00Z"
    }
  },
  {
    "model": "store.vote",
    "pk": 30,
    "fields": {
      "voting_id": 23,
      "voter_id": 26,
      "question_id": 13,
      "a": 1,
      "b": 1,
      "voted": "2020-11-12T22:00:00Z"
    }
  },
  {
    "model": "store.vote",
    "pk": 31,
    "fields": {
      "voting_id": 23,
      "voter_id": 27,
      "question_id": 13,
      "a": 1,
      "b": 1,
      "voted": "2020-11-12T22:00:00Z"
    }
  },
  {
    "model": "store.vote",
    "pk": 32,
    "fields": {
      "voting_id": 23,
      "voter_id": 28,
      "question_id": 13,
      "a": 1,
      "b": 1,
      "voted": "2020-11-12T22:00:00Z"
    }
  },
  {
    "model": "store.vote",
    "pk": 33,
    "fields": {
      "voting_id": 23,
      "voter_id": 29,
      "question_id": 13,
      "a": 1,
      "b": 4,
      "voted": "2020-11-12T22:00:00Z"
    }
  },
  {
    "model": "store.vote",
    "pk": 34,
    "fields": {
      "voting_id": 23,
      "voter_id": 30,
      "question_id": 13,
      "a": 1,
      "b": 4,
      "voted": "2020-11-12T22:00:00Z"
    }
  },
  {
    "model": "store.vote",
    "pk": 35,
    "fields": {
      "voting_id": 23,
      "voter_id": 31,
      "question_id": 13,
      "a": 1,
      "b": 2,
      "voted": "2020-11-12T22:00:00Z"
    }
  },
  {
    "model": "store.vote",
    "pk": 36,
    "fields": {
      "voting_id": 23,
      "voter_id": 32,
      "question_id": 13,
      "a": 1,
      "b": 1,
      "voted": "2020-11-12T22:00:00Z"
    }
  },
  {
    "model": "store.vote",
    "pk": 37,
    "fields": {
      "voting_id": 23,
      "voter_id": 33,
      "question_id": 13,
      "a": 1,
      "b": 1,
      "voted": "2020-11-12T22:00:00Z"
    }
  },
  {
    "model": "store.vote",
    "pk": 38,
    "fields": {
      "voting_id": 23,
      "voter_id": 34,
      "question_id": 13,
      "a": 1,
      "b": 2,
      "voted": "2020-11-12T22:00:00Z"
    }
  },
  {
    "model": "store.vote",
    "pk": 39,
    "fields": {
      "voting_id": 23,
      "voter_id": 10,
      "question_id": 13,
      "a": 1,
      "b": 3,
      "voted": "2020-11-12T22:00:00Z"
    }
  },
  {
    "model": "store.vote",
    "pk": 40,
    "fields": {
      "voting_id": 23,
      "voter_id": 11,
      "question_id": 13,
      "a": 1,
      "b": 3,
      "voted": "2020-11-12T22:00:00Z"
    }
  },
  {
    "model": "store.vote",
    "pk": 41,
    "fields": {
      "voting_id": 23,
      "voter_id": 12,
      "question_id": 13,
      "a": 1,
      "b": 1,
      "voted": "2020-11-12T22:00:00Z"
    }
  },
  {
    "model": "store.vote",
    "pk": 42,
    "fields": {
      "voting_id": 23,
      "voter_id": 13,
      "question_id": 13,
      "a": 1,
      "b": 1,
      "voted": "2020-11-12T22:00:00Z"
    }
  },
  {
    "model": "store.vote",
    "pk": 43,
    "fields": {
      "voting_id": 23,
      "voter_id": 14,
      "question_id": 13,
      "a": 1,
      "b": 2,
      "voted": "2020-11-12T22:00:00Z"
    }
  },
  {
    "model": "store.vote",
    "pk": 44,
    "fields": {
      "voting_id": 23,
      "voter_id": 15,
      "question_id": 13,
      "a": 1,
      "b": 4,
      "voted": "2020-11-12T22:00:00Z"
    }
  },
  {
    "model": "store.vote",
    "pk": 45,
    "fields": {
      "voting_id": 23,
      "voter_id": 16,
      "question_id": 13,
      "a": 1,
      "b": 4,
      "voted": "2020-11-12T22:00:00Z"
    }
  },
  {
    "model": "store.vote",
    "pk": 46,
    "fields": {
      "voting_id": 23,
      "voter_id": 17,
      "question_id": 13,
      "a": 1,
      "b": 4,
      "voted": "2020-11-12T22:00:00Z"
    }
  },
  {
    "model": "store.vote",
    "pk": 47,
    "fields": {
      "voting_id": 23,
      "voter_id": 18,
      "question_id": 13,
      "a": 1,
      "b": 4,
      "voted": "2020-11-12T22:00:00Z"
    }
  },
  {
    "model": "store.vote",
    "pk": 48,
    "fields": {
      "voting_id": 23,
      "voter_id": 19,
      "question_id": 13,
      "a": 1,
      "b": 4,
      "voted": "2020-11-12T22:00:00Z"
    }
  },
  {
    "model": "store.vote",
    "pk": 49,
    "fields": {
      "voting_id": 24,
      "voter_id": 21,
      "question_id": 14,
      "sex": "F",
      "a": 1,
      "b": 1,
      "voted": "2020-11-12T22:00:00Z"
    }
  },
  {
    "model": "store.vote",
    "pk": 50,
    "fields": {
      "voting_id": 24,
      "voter_id": 22,
      "question_id": 14,
      "sex": "F",
      "a": 1,
      "b": 1,
      "voted": "2020-11-12T22:00:00Z"
    }
  },
  {
    "model": "store.vote",
    "pk": 51,
    "fields": {
      "voting_id": 24,
      "voter_id": 23,
      "question_id": 14,
      "sex": "F",
      "a": 1,
      "b": 2,
      "voted": "2020-11-12T22:00:00Z"
    }
  },
  {
    "model": "store.vote",
    "pk": 52,
    "fields": {
      "voting_id": 24,
      "voter_id": 24,
      "question_id": 14,
      "sex": "M",
      "a": 1,
      "b": 3,
      "voted": "2020-11-12T22:00:00Z"
    }
  },
  {
    "model": "store.vote",
    "pk": 53,
    "fields": {
      "voting_id": 24,
      "voter_id": 25,
      "question_id": 14,
      "sex": "M",
      "a": 1,
      "b": 3,
      "voted": "2020-11-12T22:00:00Z"
    }
  },
  {
    "model": "store.vote",
    "pk": 54,
    "fields": {
      "voting_id": 24,
      "voter_id": 26,
      "question_id": 14,
      "sex": "M",
      "a": 1,
      "b": 1,
      "voted": "2020-11-12T22:00:00Z"
    }
  },
  {
    "model": "store.vote",
    "pk": 55,
    "fields": {
      "voting_id": 24,
      "voter_id": 27,
      "question_id": 14,
      "sex": "M",
      "a": 1,
      "b": 1,
      "voted": "2020-11-12T22:00:00Z"
    }
  },
  {
    "model": "store.vote",
    "pk": 56,
    "fields": {
      "voting_id": 24,
      "voter_id": 28,
      "question_id": 14,
      "sex": "F",
      "a": 1,
      "b": 1,
      "voted": "2020-11-12T22:00:00Z"
    }
  },
  {
    "model": "store.vote",
    "pk": 57,
    "fields": {
      "voting_id": 24,
      "voter_id": 29,
      "question_id": 14,
      "sex": "F",
      "a": 1,
      "b": 2,
      "voted": "2020-11-12T22:00:00Z"
    }
  },
  {
    "model": "store.vote",
    "pk": 58,
    "fields": {
      "voting_id": 24,
      "voter_id": 30,
      "question_id": 14,
      "sex": "F",
      "a": 1,
      "b": 2,
      "voted": "2020-11-12T22:00:00Z"
    }
  },
  {
    "model": "store.vote",
    "pk": 59,
    "fields": {
      "voting_id": 24,
      "voter_id": 31,
      "question_id": 14,
      "sex": "M",
      "a": 1,
      "b": 2,
      "voted": "2020-11-12T22:00:00Z"
    }
  },
  {
    "model": "store.vote",
    "pk": 60,
    "fields": {
      "voting_id": 24,
      "voter_id": 32,
      "question_id": 14,
      "sex": "M",
      "a": 1,
      "b": 1,
      "voted": "2020-11-12T22:00:00Z"
    }
  },
  {
    "model": "store.vote",
    "pk": 61,
    "fields": {
      "voting_id": 24,
      "voter_id": 33,
      "question_id": 14,
      "sex": "M",
      "a": 1,
      "b": 1,
      "voted": "2020-11-12T22:00:00Z"
    }
  },
  {
    "model": "store.vote",
    "pk": 62,
    "fields": {
      "voting_id": 24,
      "voter_id": 34,
      "question_id": 14,
      "sex": "M",
      "a": 1,
      "b": 2,
      "voted": "2020-11-12T22:00:00Z"
    }
  },
  {
    "model": "store.vote",
    "pk": 63,
    "fields": {
      "voting_id": 24,
      "voter_id": 10,
      "question_id": 14,
      "sex": "M",
      "a": 1,
      "b": 3,
      "voted": "2020-11-12T22:00:00Z"
    }
  },
  {
    "model": "store.vote",
    "pk": 64,
    "fields": {
      "voting_id": 24,
      "voter_id": 11,
      "question_id": 14,
      "sex": "M",
      "a": 1,
      "b": 3,
      "voted": "2020-11-12T22:00:00Z"
    }
  },
  {
    "model": "store.vote",
    "pk": 65,
    "fields": {
      "voting_id": 24,
      "voter_id": 12,
      "question_id": 14,
      "sex": "M",
      "a": 1,
      "b": 1,
      "voted": "2020-11-12T22:00:00Z"
    }
  },
  {
    "model": "store.vote",
    "pk": 66,
    "fields": {
      "voting_id": 24,
      "voter_id": 13,
      "question_id": 14,
      "sex": "F",
      "a": 1,
      "b": 1,
      "voted": "2020-11-12T22:00:00Z"
    }
  },
  {
    "model": "store.vote",
    "pk": 67,
    "fields": {
      "voting_id": 24,
      "voter_id": 14,
      "question_id": 14,
      "sex": "F",
      "a": 1,
      "b": 2,
      "voted": "2020-11-12T22:00:00Z"
    }
  },
  {
    "model": "store.vote",
    "pk": 68,
    "fields": {
      "voting_id": 24,
      "voter_id": 15,
      "question_id": 14,
      "sex": "F",
      "a": 1,
      "b": 3,
      "voted": "2020-11-12T22:00:00Z"
    }
  },
  {
    "model": "store.vote",
    "pk": 69,
    "fields": {
      "voting_id": 24,
      "voter_id": 16,
      "question_id": 14,
      "sex": "F",
      "a": 1,
      "b": 3,
      "voted": "2020-11-12T22:00:00Z"
    }
  },
  {
    "model": "store.vote",
    "pk": 70,
    "fields": {
      "voting_id": 24,
      "voter_id": 17,
      "question_id": 14,
      "sex": "F",
      "a": 1,
      "b": 1,
      "voted": "2020-11-12T22:00:00Z"
    }
  },
  {
    "model": "store.vote",
    "pk": 71,
    "fields": {
      "voting_id": 24,
      "voter_id": 18,
      "question_id": 14,
      "sex": "M",
      "a": 1,
      "b": 2,
      "voted": "2020-11-12T22:00:00Z"
    }
  },
  {
    "model": "store.vote",
    "pk": 72,
    "fields": {
      "voting_id": 24,
      "voter_id": 19,
      "question_id": 14,
      "sex": "M",
      "a": 1,
      "b": 3,
      "voted": "2020-11-12T22:00:00Z"
    }
  },
  {
    "model": "mixnet.mixnet",
    "pk": 10,
    "fields": {
      "voting_id": 20,
      "auth_position": 0,
      "auths": [10],
      "key": 10,
      "pubkey": 11
    }
  },
  {
    "model": "mixnet.mixnet",
    "pk": 11,
    "fields": {
      "voting_id": 23,
      "auth_position": 0,
      "auths": [10],
      "key": 12,
      "pubkey": 13
    }
  },
  {
    "model": "mixnet.mixnet",
    "pk": 12,
    "fields": {
      "voting_id": 24,
      "auth_position": 0,
      "auths": [10],
      "key": 14,
      "pubkey": 15
    }
  }
]